{
  "version": "1.0.0",
  "build_date": "2025-07-22 14:28:18",
  "features": [
    "AI智能文件分类",
    "文件内容摘要生成",
    "智能目录推荐",
    "微信文章管理",
    "文件去重功能",
    "转移日志管理",
    "文档格式转换",
    "批量文件处理"
  ],
  "requirements": {
    "python": "3.8+",
    "ollama": "0.1.0+",
    "windows": "Windows 10+"
  },
  "install_instructions": [
    "1. 解压安装包到任意目录",
    "2. 以管理员身份运行 '安装智能文件整理器.bat'",
    "3. 按照提示完成安装",
    "4. 确保已安装Ollama并运行",
    "5. 双击桌面快捷方式启动程序"
  ]
}