[
  {
    "time": "07-20 23:18:23",
    "title": "Manus 未回应「撤离中国市场」；李想：理想现金储备 1107 亿；下架大量成人游戏，Steam：支付组织要求| 极客早知道",
    "url": "https://mp.weixin.qq.com/s?__biz=MTMwNDMwODQ0MQ==&mid=2653083080&idx=1&sn=e88a939d69c938e62cc4641eba241029&chksm=7f790f43d383a235fe698e3de352c68dd7ec3f4ccba5923aafff1147545bdbc37010226e3bd0&mpshare=1&scene=1&srcid=0720G22UZIg6jE8ItLjETgPJ&sharer_shareinfo=586eec0c85fbfff33c1d1601c729f09d&sharer_shareinfo_first=586eec0c85fbfff33c1d1601c729f09d#rd"
  },
  {
    "time": "07-20 23:18:36",
    "title": "朋友圈的沉默，是我们这代人最无声的告别",
    "url": "https://mp.weixin.qq.com/s?__biz=MTMwNDMwODQ0MQ==&mid=2653082853&idx=1&sn=24aa548876dd0fd8ad07a3cee8ce9f99&chksm=7f2e34a5822e05cc86ffedfb4bec2aeb19f731560b7c140c8194529dcb1888d5ba801ed2b15e&mpshare=1&scene=1&srcid=0720d4vFmIFNS5VvZHZ1QoeV&sharer_shareinfo=c611dec85bf957f033589ce2b46f9ad2&sharer_shareinfo_first=c611dec85bf957f033589ce2b46f9ad2#rd"
  }
]